Popularity,2
Usually,5
Prefer,7
Excite,1
Specialize,1
made,2
Reservation,2
Order,3
ready,4
Come,2
Pick,1
Review,1
Match,1
Regularly,1
Time,3
part,1
Choose,1
Elegance,1
Look,2
Productive,2
Avoid,1
Prevent,1
Experiment,4
Experience,4
Favor,1
Hesitant,1
Apprehensive,1
Plan,7
Situation,1
Retire,1
Budget,2
Limit,2
Reason,1
Wisely,1
Invest,2
Option,2
Optional,2
Offer,2
Annually,1
Access,2
Operate,2
Hire,1
Set,2
Training,3
Goal,2
Session,1
Level,1
Currently,3
Follow,1
Specific,2
Stay,1
Condition,2
Accounting,2
Build,1
Secure,1
Fund,1
Register,4
Service,1
Physically,1
Take,2
