Check,9
Available,2
Popularity,1
Destination,2
Look,8
Suggestion,1
Guide,1
Choose,1
Sample,1
Specialize,1
Bring,3
Location,4
Review,1
Site,1
Avoid,2
Take,2
Alternative,1
Update,1
Fare,2
Assist,1
Provider,1
Detail,1
Confirm,1
Board,1
Claim,2
Secure,2
Keep,1
Time,2
hand,1
List,1
Item,2
Submit,2
Lease,3
Agreement,1
payment,3
Annually,1
Terms,2
Extend,7
Attend,1
Require,3
Valid,1
Proof,1
Usually,4
Plan,3
Gather,1
