Confidence,5
Productive,42
Skill,23
Weakly,2
Flexibly,2
Look,26
Benefit,2
Develop,13
Accounting,6
Software,2
Project,34
Manage,14
Usually,32
Take,43
Run,7
Call,5
Comfort,3
Time,47
Everyday,4
Gather,5
Relatively,7
Depart,7
Market,26
Resource,4
Customer,15
Service,3
Research,7
Sell,4
Strategy,10
Monitor,1
Operate,5
Excite,5
part,14
Deal,5
Busy,16
Solve,6
Result,2
Explore,1
Salary,6
Deadline,6
Keep,9
Balance,5
Relaxation,4
Regularly,5
Popularity,4
Prefer,19
Specialize,6
made,6
Reservation,2
Order,5
ready,7
Come,21
Pick,3
Review,9
Match,5
Choose,4
Elegance,1
Avoid,12
Prevent,2
Experiment,15
Experience,15
Favor,1
Hesitant,4
Apprehensive,1
Plan,41
Situation,14
Retire,1
Budget,4
Limit,3
Reason,10
Wisely,2
Invest,4
Option,4
Optional,4
Offer,7
Annually,2
Access,3
Hire,2
Set,7
Training,10
Goal,16
Session,2
Level,4
Currently,10
Follow,3
Specific,4
Stay,13
Condition,3
Build,5
Secure,5
Fund,1
Register,4
Physically,2
Majority,10
ahead,2
maintain,4
Give,8
Preparation,8
Apply,2
Practice,5
Recommendation,3
Agenda,1
Update,8
Expect,5
Quality,7
Complete,11
Duration,1
Location,7
Attend,3
Cover,4
Arrangement,1
Remote,1
Available,5
Board,4
Contribute,4
Notify,1
Allow,7
Policy,2
Smooth,4
Process,14
Party,3
General,3
Appreciation,2
Admire,3
Ability,2
Perform,12
Negotiate,1
Mix,2
Fulfill,2
Remember,1
Provider,8
Encouragement,4
Continue,1
forward,1
Express,4
Revise,2
Forget,1
track,1
Present,1
Efficient,3
Creative,2
Mentor,1
payment,11
Store,2
Ideally,4
Bring,21
Accommodate,1
Responsibility,2
Convenient,3
Attract,1
Check,12
Destination,2
Suggestion,5
Guide,2
Sample,1
Site,2
Alternative,2
Fare,2
Assist,4
Detail,2
Confirm,1
Claim,2
hand,3
List,1
Item,2
Submit,2
Lease,3
Agreement,1
Terms,3
Extend,7
Require,7
Valid,1
Proof,1
Schedule,3
Accomplishment,3
Frequently,5
Client,4
Periodically,3
Catch,2
Attitude,1
Dedication,1
Assignment,2
Spouse,1
Success,4
Successive,4
Typically,1
Accept,2
Basis,2
Inspiration,5
Instrument,1
Flavor,2
Compare,4
Bargain,1
Function,2
Respond,3
Adjustment,1
Replace,2
Refund,3
Discount,2
Code,4
Casually,3
Fashion,1
Expense,1
Charge,2
Collection,1
Volunteer,2
Consider,9
Release,1
down,4
Down,4
Sufficiently,1
Risk,9
Network,2
Promote,4
Approach,6
Target,9
Decision,3
Aware,4
Impact,7
Merchandise,1
Thorough,2
Delay,2
Allocate,2
Method,1
Progress,4
Overview,2
Expand,1
Technically,3
Competition,1
Action,6
Aspect,2
Sharp,1
Fall,2
Fluctuate,1
Enterprise,1
Hold,1
Forecast,2
Demand,1
Potential,3
Priority,6
Address,3
Criticism,2
Mention,2
Resolve,2
Trend,2
Delivery,1
Reject,3
Designate,5
Coordinate,2
Advanced,1
Refer,1
Achievement,2
Impress,1
Position,7
Raise,2
Confusion,1
together,1
Perspective,1
Establish,2
Due,2
Verify,3
obtain,1
Consequence,2
Reputation,2
Control,2
Sense,3
Figure,2
Concern,2
Circumstance,1
Overall,2
Source,1
Calculation,2
consuming,2
penalty,1
Accurately,1
Distraction,2
Debt,1
Lead,4
Beforehand,1
Effective,1
Engage,2
Essentially,1
Enhance,3
Desire,1
Capacity,1
Expert,3
Background,1
Assess,2
Demonstrate,1
Initiative,2
Habit,2
Promise,1
Supervisor,1
Subject,1
Subjective,1
Ignore,2
Compatible,1
Serious,1
Commit,1
Commonly,1
Strong,2
Realistic,1
Factor,1
Audience,3
Conduct,6
Consult,2
Influence,1
brand,2
Rate,2
Element,1
Evaluate,3
Indicator,1
Satisfaction,1
Value,1
Identify,2
System,1
Minimize,1
Ingredient,2
Taste,2
Multiple,1
Statement,1
Compensate,1
Matter,1
Reinforce,1
Significant,1
Predict,1
Incorporate,1
