"('Leisure', 0)"
"('Punctually', 0)"
"('Settle', 0)"
"('Mortgage', 0)"
"('Prohibit', 0)"
"('Individual', 0)"
"('Apprentice', 0)"
"('Range', 0)"
"('File', 0)"
"('Coincide', 0)"
"('Merit', 0)"
"('Occur', 0)"
"('Recruit', 0)"
"('Cosume', 0)"
"('Expose', 0)"
"('Pertinent', 0)"
"('Translation', 0)"
"('Irritate', 0)"
"('Select', 0)"
"('Delicately', 0)"
"('Accustom', 0)"
"('Candidate', 0)"
"('Comprehensive', 0)"
"('Obviousl', 0)"
"('Divide', 0)"
"('Representation', 0)"
"('Economize', 0)"
"('Preclude', 0)"
"('Admit', 0)"
"('Fad', 0)"
"('Entertainment', 0)"
"('Substitution', 0)"
"('Tempt', 0)"
"('Bear', 0)"
"('Facilitate', 0)"
"('Reflection', 0)"
"('Prospective', 0)"
"('Shut', 0)"
"('Cancellation', 0)"
"('Disparate', 0)"
"('Dispaly', 0)"
"('Generate', 0)"
"('Inventory', 0)"
"('Promptly', 0)"
"('Throw', 0)"
"('Emainder', 0)"
"('Perceptive', 0)"
"('Procedure', 0)"
"('Wrinkle', 0)"
"('Tedious', 0)"
"('Profile', 0)"
"('Exact', 0)"
"('Announcement', 0)"
"('Burden', 0)"
"('Stationery', 0)"
"('Assume', 0)"
"('Delete', 0)"
"('Accumulate', 0)"
"('Diversify', 0)"
"('Provision', 0)"
"('Itinerary', 0)"
"('Persuasion', 0)"
"('Suit', 0)"
"('Defect', 0)"
"('search', 0)"
"('Vested', 0)"
"('Assurance', 0)"
"('Stock', 0)"
"('Constantly', 0)"
"('Wage', 0)"
"('Behaviour', 0)"
"('Arrive', 0)"
"('Checkout', 0)"
"('Intend', 0)"
"('Conform', 0)"
"('License', 0)"
"('Borrow', 0)"
"('Investigate', 0)"
"('Warning', 0)"
"('Daringly', 0)"
"('Lockinto', 0)"
"('Judge', 0)"
"('Distinguish', 0)"
"('Link', 0)"
"('Disappoint', 0)"
"('In-depth', 0)"
"('Systematically', 0)"
"('Qualification', 0)"
"('Subtract', 0)"
"('Profession', 0)"
"('Audit', 0)"
"('Repel', 0)"
"('Rehearse', 0)"
"('Longterm', 0)"
"('Regardless', 0)"
"('Ascertain', 0)"
"('Uniformly', 0)"
"('Beverage', 0)"
"('Automatically', 0)"
"('Appointment', 0)"
"('Disperse', 0)"
"('Variety', 0)"
"('Strictly', 0)"
"('Anxious', 0)"
"('Directory', 0)"
"('Culinary', 0)"
"('Restricted', 0)"
"('Outstanding', 0)"
"('Determine', 0)"
"('Broaden', 0)"
"('Constitute', 0)"
"('Rucial', 0)"
"('Recur', 0)"
"('Abide', 0)"
"('Impose', 0)"
"('Supply', 0)"
"('Deduct', 0)"
"('Aggressively', 0)"
"('Outlet', 0)"
"('Illuminate', 0)"
"('Interaction', 0)"
"('Relinquish', 0)"
"('Integral', 0)"
"('Compile', 0)"
"('Fold', 0)"
"('Abundant', 0)"
"('Blanket', 0)"
"('Rely', 0)"
"('Dialogue', 0)"
"('Profitably', 0)"
"('Petition', 0)"
"('Incur', 0)"
"('Permit', 0)"
"('Personnel', 0)"
"('Evident', 0)"
"('Yield', 0)"
"('Conclude', 0)"
"('Courier', 0)"
"('Expiration', 0)"
"('Characteristic', 0)"
"('Verbally', 0)"
"('Turnover', 0)"
"('Portion', 0)"
"('Owe', 0)"
"('Asset', 0)"
"('Garment', 0)"
"('Assemble', 0)"
"('Imply', 0)"
"('Embarkation', 0)"
"('Proximity', 0)"
"('Failure', 0)"
"('Adhere', 0)"
"('Mandatory', 0)"
"('Escort', 0)"
"('Rectify', 0)"
"('Portfolio', 0)"
"('Withhold', 0)"
"('Agent', 0)"
"('Conservative', 0)"
"('Quote', 0)"
"('Contact', 0)"
"('Obligate', 0)"
"('Primarrily', 0)"
"('Loyal', 0)"
"('Dimension', 0)"
"('Convince', 0)"
"('Affordable', 0)"
"('Housekeeper', 0)"
"('Durable', 0)"
"('Disseminate', 0)"
"('Offset', 0)"
"('Stage', 0)"
"('Joint', 0)"
"('Narrow', 0)"
"('Diagnose', 0)"
"('Occupy', 0)"
"('Recognition', 0)"
"('Attainment', 0)"
"('Agree', 0)"
"('Examine', 0)"
"('Liability', 0)"
"('Thrill', 0)"
"('Disturb', 0)"
"('Dividend', 0)"
"('Logical', 0)"
"('Revolution', 0)"
"('Restore', 0)"
"('Econcile', 0)"
"('Reduction', 0)"
"('Layout', 0)"
"('Pull', 0)"
"('Record', 0)"
"('Overcrowded', 0)"
"('Transaction', 0)"
"('Association', 0)"
"('Compromise', 0)"
"('Familiar', 0)"
"('Substantially', 0)"
"('Separately', 0)"
"('Disk', 0)"
"('Appeal', 0)"
"('Cautiously', 0)"
"('Deluxe', 0)"
"('Waste', 0)"
"('Lengthy', 0)"
"('Carrier', 0)"
"('Subscribe', 0)"
"('Combine', 0)"
"('Catalog', 0)"
"('Excursion', 0)"
"('Description', 0)"
"('Equivalent', 0)"
"('Category', 0)"
"('Patron', 0)"
"('Ship', 0)"
"('Discrepancy', 0)"
"('Scan', 0)"
"('Chain', 0)"
"('prerequisite', 0)"
"('Inspect', 0)"
"('Eligible', 0)"
"('Nervously', 0)"
"('Glimpse', 0)"
"('Regulate', 0)"
"('Outdated', 0)"
"('Protect', 0)"
"('Detect', 0)"
"('Estimate', 0)"
"('Theme', 0)"
"('Spectrum', 0)"
"('Return', 0)"
"('Acquire', 0)"
"('Fill', 0)"
"('Duplicate', 0)"
"('Decade', 0)"
"('Commensurate', 0)"
"('Authorize', 0)"
"('Complication', 0)"
"('Entitle', 0)"
"('Emphasize', 0)"
"('Draw', 0)"
"('Instinct', 0)"
"('Nflux', 0)"
"('Tier', 0)"
"('Urge', 0)"
"('Mission', 0)"
